Costs,TotalCosts_p1,TotalCosts_p2,TotalCosts_p3
cFix,3.188411453650521e10,2.3518817682315533e10,2.245033487116151e10
cVar,1.7828856111680477e10,6.534683582865326e9,2.38510932834657e9
cNSE,0.0,0.0,0.0
cStart,4.681089202894977e8,8.497335415377947e8,2.0406472518171516e8
cUnmetRsv,1.883144182514262e8,2.0217827803150937e7,5.241945367982702e7
cNetworkExp,0.0,0.0,0.0
cUnmetPolicyPenalty,0.0,0.0,0.0
