Status,Solve,Objval
OPTIMAL,11.616077184677124,47485.26389194504
