Resource,Zone,StartCap,RetCap,NewCap,EndCap,StartEnergyCap,RetEnergyCap,NewEnergyCap,EndEnergyCap,StartChargeCap,RetChargeCap,NewChargeCap,EndChargeCap
natural_gas_combined_cycle,1,10000.0,0.0,12227.117129613549,22227.117129613547,0.0,0.0,0.0,0.0,0.0,0.0,0.0,0.0
solar_pv,1,500.0,0.0,0.0,500.0,0.0,0.0,0.0,0.0,0.0,0.0,0.0,0.0
onshore_wind,1,1000.0,0.0,1075.2155274860638,2075.215527486064,0.0,0.0,0.0,0.0,0.0,0.0,0.0,0.0
battery,1,0.0,-0.0,611.4807725763426,611.4807725763426,0.0,-0.0,1716.9159377825126,1716.9159377825126,0.0,0.0,0.0,0.0
Total,n/a,11500.0,0.0,13913.813429675954,25413.813429675953,0.0,0.0,1716.9159377825126,1716.9159377825126,0.0,0.0,0.0,0.0
