Costs,Total,Zone1
cTotal,4.796196178738354e9,1.9030128377659668e10
cFix,1.619736338033503e10,1.619736338033503e10
cVar,2.8323452596160603e9,2.832345259616063e9
cNSE,0.0,0.0
cStart,419737.7085772126,419737.7085772126
cUnmetRsv,4.575966739654645e6,-
cNetworkExp,0.0,-
cUnmetPolicyPenalty,0.0,-
