Status,Solve,Objval
OPTIMAL,11.84581184387207,47405.64284771353
