Status,Solve,Objval
OPTIMAL,12.563654899597168,41107.7256045609
