Status,Solve,Objval
OPTIMAL,15.657493114471436,65211.65264204782
