Status,Solve,Objval
OPTIMAL,10.77397084236145,47406.50251065554
