Status,Solve,Objval
OPTIMAL,16.86984395980835,44457.2008250309
