Status,Solve,Objval
OPTIMAL,15.570462942123413,25491.272847363045
