Status,Solve,Objval
OPTIMAL,15.084911108016968,24751.52369186063
