Costs,TotalCosts_p1,TotalCosts_p2,TotalCosts_p3
cFix,1.8623888446924335e10,5.314786395188493e9,6.14632820131812e9
cVar,2.3879744722301346e10,1.5395408321550816e10,1.036179342850326e10
cNSE,0.0,0.0,0.0
cStart,0.0,0.0,0.0
cUnmetRsv,9.02461400588025e7,4.4470728045291575e6,3.1428576371471394e7
cNetworkExp,0.0,0.0,0.0
cUnmetPolicyPenalty,0.0,0.0,0.0
