Status,Solve,Objval
OPTIMAL,14.93083906173706,24750.15792688097
