Status,Solve,Objval
OPTIMAL,12.836625814437866,29878.7928358299
