Status,Solve,Objval
OPTIMAL,17.14685606956482,54880.88269808033
