Status,Solve,Objval
OPTIMAL,11.70917797088623,29931.818569471434
