Costs,Total,Zone1
cTotal,3.890428457975961e9,1.1145118906732187e10
cFix,8.253700754769711e9,8.253700754769712e9
cVar,2.8914181519624815e9,2.8914181519624743e9
cNSE,0.0,0.0
cStart,0.0,0.0
cUnmetRsv,835208.9807768781,-
cNetworkExp,0.0,-
cUnmetPolicyPenalty,0.0,-
