Status,Solve,Objval
OPTIMAL,12.307150840759277,29878.224660259402
