Costs,TotalCosts_p1,TotalCosts_p2,TotalCosts_p3
cFix,1.8623888446924217e10,5.314786395188476e9,6.14632820131812e9
cVar,2.3879674423883232e10,1.5395364903947006e10,1.0361764568743229e10
cNSE,0.0,0.0,0.0
cStart,0.0,0.0,0.0
cUnmetRsv,9.02461400588e7,4.447072804528948e6,3.1428576371471394e7
cNetworkExp,0.0,0.0,0.0
cUnmetPolicyPenalty,0.0,0.0,0.0
