Costs,Total,Zone1
cTotal,4.1688037504002314e9,1.2464240730251446e10
cFix,9.441127371528482e9,9.441127371528484e9
cVar,3.021883125193709e9,3.021883125193698e9
cNSE,946670.5679944446,946670.5679944446
cStart,283562.96126955596,283562.96126955596
cUnmetRsv,3.911871935357151e6,-
cNetworkExp,0.0,-
cUnmetPolicyPenalty,0.0,-
