Status,Solve,Objval
OPTIMAL,9.018499851226807,16539.5213464328
