Status,Solve,Objval
OPTIMAL,5.485000133514404,9824.330874768659
