Status,Solve,Objval
OPTIMAL,14.910880088806152,25091.92837836964
