Status,Solve,Objval
OPTIMAL,8.49030613899231,16552.229694306898
