Status,Solve,Objval
OPTIMAL,11.214228868484497,25195.08356187649
