Status,Solve,Objval
OPTIMAL,16.23980402946472,65889.7051169191
