Status,Solve,Objval
OPTIMAL,16.70216393470764,45004.39555368321
