Status,Solve,Objval
OPTIMAL,15.544942855834961,65232.03353831892
