Status,Solve,Objval
OPTIMAL,16.849984884262085,72900.7300689971
