Status,Solve,Objval
OPTIMAL,16.07358193397522,76861.34924884849
