Status,Solve,Objval
OPTIMAL,16.6480610370636,149784.1992156715
