Status,Solve,Objval
OPTIMAL,15.429687023162842,32399.328316205345
