Resource,Zone,StartCap,RetCap,NewCap,EndCap,StartEnergyCap,RetEnergyCap,NewEnergyCap,EndEnergyCap,StartChargeCap,RetChargeCap,NewChargeCap,EndChargeCap
natural_gas_combined_cycle,1,15700.711535327137,5700.711535327137,2091.2596780217286,12091.259678021728,0.0,0.0,0.0,0.0,0.0,0.0,0.0,0.0
solar_pv,1,12862.531997353846,3557.4132970736136,13420.184597593638,22725.30329787387,0.0,0.0,0.0,0.0,0.0,0.0,0.0,0.0
onshore_wind,1,17164.808536336815,8072.591367869293,17735.8853635887,26828.102532056222,0.0,0.0,0.0,0.0,0.0,0.0,0.0,0.0
battery,1,3270.491034387854,1311.006083519632,29488.226764408766,31447.711715276986,6097.35462224562,3088.6931523175726,28439.050245348943,31447.711715276986,0.0,0.0,0.0,0.0
Total,n/a,48998.543103405646,18641.722283789673,62735.556403612834,93092.3772232288,6097.35462224562,3088.6931523175726,28439.050245348943,31447.711715276986,0.0,0.0,0.0,0.0
