Status,Solve,Objval
OPTIMAL,15.387584924697876,24763.235849417586
