Status,Solve,Objval
OPTIMAL,8.781908988952637,16539.550206192846
