Status,Solve,Objval
OPTIMAL,11.200358867645264,47405.72881400777
