Status,Solve,Objval
OPTIMAL,16.56373405456543,117888.89744813969
