Status,Solve,Objval
OPTIMAL,15.492830991744995,66330.44399922117
