Status,Solve,Objval
OPTIMAL,1438.9240000247955,6800.366366388719
