Costs,Total,Zone1
cTotal,6.058627500525156e9,3.4063814107324142e10
cFix,3.188390616866239e10,3.1883906168662395e10
cVar,2.12328660035463e9,2.1232866003546333e9
cNSE,0.0,0.0
cStart,5.662133830710665e7,5.662133830710665e7
cUnmetRsv,2.278607465836437e7,-
cNetworkExp,0.0,-
cUnmetPolicyPenalty,0.0,-
