Status,Solve,Objval
OPTIMAL,15.678165912628174,65209.38808472521
