Status,Solve,Objval
OPTIMAL,8.448946952819824,16539.809944033103
