Status,Solve,Objval
OPTIMAL,16.74026393890381,44436.808511178504
