Costs,Total,Zone1
cTotal,5.742096049257275e9,3.78452120570643e10
cFix,3.652400469594707e10,3.652400469594707e10
cVar,1.1616180950191176e9,1.161618095019106e9
cNSE,0.0,0.0
cStart,1.5958926609812522e8,1.5958926609812522e8
cUnmetRsv,3.797129504107759e6,-
cNetworkExp,0.0,-
cUnmetPolicyPenalty,0.0,-
