Status,Solve,Objval
OPTIMAL,17.194511890411377,44438.8451341849
