Status,Solve,Objval
OPTIMAL,12.13067102432251,29878.28147781647
