Costs,Total,Zone1
cTotal,5.820147645089335e9,3.7944460846171906e10
cFix,3.654811811826867e10,3.654811811826867e10
cVar,1.2354219159261653e9,1.2354219159261692e9
cNSE,0.0,0.0
cStart,1.6092081197706547e8,1.6092081197706547e8
cUnmetRsv,3.797161515590239e6,-
cNetworkExp,0.0,-
cUnmetPolicyPenalty,0.0,-
