Status,Solve,Objval
OPTIMAL,17.036254167556763,45446.20159598242
