Status,Solve,Objval
OPTIMAL,12.71988320350647,14293.139432021877
